TimeStep,Whales,Seals,Cod,Whiting,Mackerel,Anchovy,Shrimp,Benthos,Zooplankton,Phytoplankton,Detritus
1,0.09077138,0.05534428,3.006385,1.788579,1.013349,6.936712,0.8138,29.40252,12.79906,13.79956,9.231932
2,0.0908756,0.05531951,3.008476,1.791294,1.011928,6.830122,0.8169056,29.02492,17.74315,11.35166,11.67789
3,0.09098296,0.05528782,3.010251,1.793794,1.017343,6.892565,0.8181016,29.61666,19.74703,5.547891,12.38924
4,0.09108384,0.05524593,3.010646,1.795393,1.025488,7.066502,0.8160341,30.53652,14.47088,4.74056,9.870761
5,0.09117626,0.0552,3.009966,1.796286,1.027225,7.114593,0.8123605,30.61655,9.808946,7.369632,7.631216
6,0.09126811,0.05516147,3.009783,1.79746,1.022103,6.984363,0.8107372,29.70327,9.119947,12.54807,7.295133
7,0.09137299,0.05513732,3.011765,1.800255,1.016098,6.767616,0.8137276,28.52427,12.80965,16.25321,9.426929
8,0.09149358,0.05511625,3.015604,1.804111,1.01608,6.636628,0.8181757,28.2138,19.7517,11.0542,12.86745
9,0.09161522,0.05508225,3.018547,1.807193,1.025398,6.761368,0.8189071,29.24118,20.93054,2.921829,12.99389
10,0.09172681,0.05503554,3.019413,1.808955,1.03623,6.99877,0.8154125,30.39653,11.96103,3.323147,8.779699
11,0.09182845,0.05498204,3.019014,1.810309,1.03627,6.994244,0.8106045,30.09632,6.637836,6.755234,6.056358
12,0.09193448,0.05494298,3.020131,1.812661,1.028173,6.745698,0.8101174,28.43699,6.232092,14.30081,5.776627
13,0.09206977,0.05493156,3.024964,1.817469,1.021128,6.375959,0.81787,26.45941,11.02849,21.45749,8.820297
14,0.09222191,0.05492451,3.03239,1.822308,1.022062,6.140208,0.8282737,25.82052,20.52466,14.32526,14.07244
15,0.09236715,0.0548886,3.036688,1.824618,1.035287,6.285174,0.8298026,27.3103,20.32226,4.406672,13.92127
16,0.09249716,0.05483216,3.037212,1.825119,1.047927,6.530631,0.8238683,28.92515,10.59372,2.002544,8.930732
17,0.09261619,0.05477553,3.036158,1.825301,1.047628,6.487765,0.816731,28.65759,4.670391,3.275797,5.052631
18,0.09274507,0.05474367,3.037464,1.827179,1.038684,6.144177,0.816757,26.3572,2.181856,14.16699,3.312464
19,0.09289958,0.05475257,3.045267,1.831086,1.026635,5.607655,0.8298721,23.06282,3.650507,36.03138,5.789549
20,0.09305259,0.05476593,3.055712,1.83246,1.014377,5.103653,0.8457948,21.42934,13.65237,22.36451,14.52303
21,0.09319155,0.05473171,3.06113,1.829336,1.014937,4.975416,0.8477709,22.91463,15.30512,19.48964,14.06631
22,0.09331377,0.05466701,3.061604,1.82344,1.01841,5.017815,0.8396137,25.10628,16.01641,8.842945,13.58499
23,0.09342079,0.05459312,3.058742,1.816297,1.020388,5.12173,0.8271772,26.84204,14.87716,2.81727,10.60836
24,0.09352081,0.05453087,3.055143,1.809629,1.019157,5.182764,0.8171551,27.17076,8.987537,3.605611,6.802392
25,0.093619,0.05449485,3.05216,1.803293,1.009869,5.052932,0.8150067,25.63535,5.981924,7.851253,5.104957
26,0.09371214,0.05445709,3.048535,1.795767,0.9937861,4.797387,0.812816,23.33915,6.289762,21.52905,5.635532
27,0.09380606,0.05440845,3.044136,1.786693,0.9759189,4.518702,0.8068057,21.77749,11.25877,29.93071,10.50324
28,0.09389568,0.05433422,3.038234,1.775144,0.9636877,4.392693,0.7950454,22.37451,19.66632,16.90113,16.35067
29,0.09397368,0.05423579,3.02938,1.761365,0.9633766,4.553683,0.777207,24.96193,24.50544,3.887879,16.01201
30,0.09403717,0.05414161,3.018414,1.747199,0.9715811,4.913531,0.7588509,27.58856,15.38366,2.55853,10.50867
31,0.09408806,0.05405987,3.006746,1.734102,0.9690173,5.071339,0.7439448,28.27292,7.808184,3.844145,6.653316
32,0.09413421,0.05399675,2.996232,1.722323,0.953836,4.96409,0.73524,27.0126,5.431921,7.46856,4.970135
33,0.09419142,0.05395777,2.989564,1.712443,0.933745,4.698776,0.7357483,24.6061,6.395265,18.0903,5.490972
34,0.09425972,0.05393636,2.986795,1.702945,0.9147248,4.412263,0.742556,22.48778,11.80754,28.06252,9.732193
35,0.09432098,0.05388671,2.982119,1.690749,0.9032456,4.297206,0.7423048,22.6535,23.67343,16.33053,16.65324
36,0.09436703,0.0538047,2.97309,1.676036,0.9100507,4.569479,0.7326533,25.42467,23.11993,4.776056,15.763
37,0.09439778,0.0537661,2.960553,1.660933,0.9191211,4.926233,0.7216148,28.02992,14.48002,2.695885,10.48416
38,0.09441704,0.05375434,2.947387,1.647159,0.9163187,5.066081,0.7143086,28.63079,7.677587,3.818844,6.545856
39,0.09443679,0.05376852,2.936122,1.635428,0.9019142,4.951137,0.7136807,27.2169,5.353975,7.639884,4.860181
40,0.09447725,0.05381706,2.930243,1.626447,0.8840084,4.673041,0.7231978,24.55464,6.396795,17.97707,5.48408
41,0.09452818,0.05386885,2.927277,1.617302,0.8671674,4.387483,0.7349489,22.32832,11.68526,27.48976,9.644323
42,0.0945733,0.05388698,2.922179,1.605458,0.857201,4.273134,0.7383896,22.39258,21.54682,18.31442,15.8868
43,0.09460465,0.05387082,2.912848,1.591184,0.8612885,4.494936,0.7320344,24.94602,19.98938,7.905861,15.14481
44,0.09462307,0.05385017,2.901419,1.576951,0.8662239,4.759048,0.7237331,27.36155,14.58831,3.966274,10.98099
45,0.09463196,0.05384253,2.88999,1.564057,0.8641144,4.878439,0.7187313,28.0971,9.566168,4.344557,7.385386
46,0.09464268,0.05385751,2.880759,1.553266,0.8539819,4.809959,0.7201048,27.0323,6.731964,8.358994,5.633521
47,0.09467083,0.05389952,2.875939,1.544788,0.8400257,4.596143,0.7294433,24.82994,7.485529,18.48174,6.248177
48,0.09470458,0.05394004,2.872716,1.535954,0.8264281,4.377021,0.7392799,23.09577,12.65266,25.28696,10.29161
49,0.09473442,0.0540036,2.866804,1.524888,0.8192099,4.317823,0.7432978,23.36806,22.08245,14.26541,15.70398
50,0.09475411,0.05405991,2.858252,1.51235,0.8251458,4.574382,0.7416528,25.67163,20.48881,7.379823,14.22907
51,0.09476236,0.05411823,2.848367,1.500263,0.8321944,4.866795,0.7390307,27.71051,15.32974,3.833188,10.86739
52,0.09476176,0.05418699,2.838519,1.489515,0.8326455,5.018612,0.7386169,28.27504,9.492393,5.228642,7.410681
53,0.09476262,0.05428044,2.830538,1.480653,0.8247469,4.964375,0.7429028,27.17537,7.158486,9.514081,6.014863
54,0.09477957,0.05439772,2.826126,1.473735,0.8137229,4.776545,0.7530329,25.15801,8.875756,17.33772,7.033848
55,0.09480386,0.05450546,2.823362,1.466745,0.8047057,4.608029,0.7637684,23.67863,14.64433,19.49327,10.80303
56,0.0948271,0.05459674,2.819685,1.458545,0.8033884,4.61717,0.7695427,23.93793,21.77857,13.23537,14.37117
57,0.09483892,0.05465827,2.813426,1.449031,0.8119111,4.889738,0.7684826,25.81912,18.85334,8.944417,13.28634
58,0.09483938,0.0547113,2.805547,1.439737,0.8189479,5.151465,0.7647445,27.49678,14.49063,3.885878,10.8108
59,0.09483403,0.05477348,2.797949,1.431698,0.819958,5.279233,0.7631822,27.90635,9.130317,5.90881,7.238948
60,0.09483639,0.05485611,2.79271,1.425821,0.8137805,5.205227,0.7674932,26.71469,7.165317,11.15421,6.089972
61,0.09485661,0.05501882,2.789613,1.421229,0.8052391,5.008209,0.7780062,24.75238,9.592463,18.78186,7.64248
62,0.09488469,0.05519302,2.786822,1.416174,0.7996826,4.853877,0.7874796,23.59412,15.41988,18.89368,11.54597
63,0.0949117,0.05535103,2.782998,1.409938,0.8014423,4.890716,0.7922063,24.15386,21.09093,11.55109,14.27033
64,0.0949281,0.05549023,2.777393,1.402689,0.8109715,5.161756,0.7919351,25.94285,17.36421,9.646896,12.41262
65,0.09493485,0.05562431,2.770577,1.39576,0.8178464,5.390066,0.7897297,27.32276,13.24382,4.957556,10.35714
66,0.0949391,0.05576905,2.76422,1.390056,0.818873,5.476045,0.7897753,27.51488,9.387972,7.081963,7.404953
67,0.09495345,0.05593607,2.760228,1.38627,0.8146281,5.392218,0.7955077,26.34191,8.319603,11.98007,6.728076
68,0.09498438,0.05612172,2.759066,1.383794,0.8094863,5.220519,0.8064549,24.65017,11.08384,16.76921,8.453378
69,0.09501933,0.05629745,2.758038,1.380681,0.8075806,5.119237,0.8155758,23.77128,15.9767,16.48611,11.45496
70,0.09505116,0.0564481,2.75555,1.376472,0.8114653,5.19681,0.8188246,24.3437,18.97838,12.09103,13.1465
71,0.09507313,0.05657995,2.751534,1.371504,0.8193055,5.424815,0.8174029,25.78078,15.37522,9.869525,11.71045
72,0.0950876,0.05670753,2.746662,1.366859,0.8238099,5.582613,0.814441,26.7845,13.38766,5.422889,10.17916
73,0.09510253,0.05690043,2.741207,1.362849,0.8252839,5.64671,0.8140709,26.8207,9.968958,7.93788,7.615255
74,0.09512886,0.05713071,2.737477,1.360308,0.8229285,5.565588,0.8187624,25.72231,9.015196,13.79861,7.224774
75,0.09516566,0.05737491,2.735143,1.358271,0.8195516,5.416866,0.8258876,24.41936,11.79666,17.4488,9.274017
76,0.09520505,0.05760716,2.732306,1.355566,0.8194735,5.350865,0.8300762,24.07809,17.43296,12.93128,12.27537
77,0.09524234,0.05782449,2.728795,1.35221,0.826142,5.492486,0.8311868,24.93369,18.71975,10.01013,12.46355
78,0.09527114,0.05802964,2.724314,1.348529,0.8350419,5.734157,0.8294851,26.13584,14.92787,9.225554,10.94458
79,0.09529332,0.05822999,2.719082,1.345184,0.839975,5.880653,0.826356,26.80031,13.10418,5.768561,9.789778
80,0.09531686,0.05843777,2.714369,1.342772,0.841684,5.928518,0.8251248,26.63362,10.09624,8.115591,7.672231
81,0.09535398,0.05866383,2.711742,1.341877,0.8403108,5.837695,0.828971,25.49489,9.467559,13.08081,7.425741
82,0.09540045,0.05889694,2.71045,1.341292,0.8384195,5.696623,0.835264,24.22206,12.41164,17.2352,9.335898
83,0.09544821,0.05911124,2.708222,1.339999,0.8398114,5.650196,0.8373562,23.96571,17.68918,12.76523,12.36162
84,0.09549318,0.05930637,2.705088,1.338105,0.8473276,5.803039,0.8353557,24.90474,18.25396,9.443229,12.39606
85,0.09553011,0.05948864,2.699706,1.335302,0.8563113,6.028609,0.8306582,26.06588,14.5285,9.22817,10.69387
86,0.09556136,0.05966667,2.693327,1.332629,0.8611705,6.148983,0.8251911,26.63019,12.73124,5.656557,9.614654
87,0.09559599,0.05985419,2.687599,1.330837,0.8628442,6.167161,0.822619,26.36972,10.01253,8.253952,7.549412
88,0.09564476,0.06006192,2.68401,1.330383,0.8619136,6.058182,0.8259008,25.19679,9.500705,14.39795,7.426671
89,0.0957002,0.06027398,2.681299,1.329933,0.8605925,5.911836,0.8310749,24.0549,12.78652,18.75516,9.796895
90,0.09575586,0.06046736,2.677619,1.32867,0.8628628,5.874488,0.832185,24.09178,19.28824,10.97683,13.34095
91,0.09580848,0.0606443,2.673274,1.32692,0.8728054,6.079198,0.8301036,25.35691,18.50659,8.270483,12.32628
92,0.09585266,0.06081242,2.668424,1.325137,0.8828917,6.320712,0.8266615,26.50746,13.73919,8.429246,10.21789
93,0.0958908,0.060976,2.663059,1.323781,0.8869849,6.411973,0.8225905,26.83735,11.69955,5.581401,9.01244
94,0.09593324,0.0611488,2.658466,1.323271,0.8872895,6.381308,0.8212379,26.28331,9.305272,8.798759,7.150184
95,0.09599163,0.06134453,2.656177,1.323977,0.8856553,6.226995,0.826111,24.88145,9.340201,16.29812,7.395574
96,0.0960551,0.06154167,2.654406,1.324389,0.8842567,6.055735,0.8318411,23.75682,13.6959,19.66987,10.50942
97,0.09611677,0.06171338,2.64979,1.323343,0.8874673,6.035398,0.8316815,24.11539,20.82324,8.830573,14.19428
98,0.0961739,0.06186646,2.643933,1.321558,0.8993022,6.290215,0.8279175,25.68715,17.34442,7.427241,11.76574
99,0.09622245,0.06201202,2.637547,1.319785,0.9085008,6.507307,0.823447,26.709,12.01571,8.094683,9.375192
100,0.09626605,0.06215562,2.630841,1.318455,0.9103634,6.539785,0.8192022,26.71799,10.81643,6.647593,8.390853
101,0.09631832,0.06231235,2.625254,1.318159,0.9095237,6.467023,0.8186476,25.94514,9.367462,11.42404,7.241898
102,0.09638723,0.06249382,2.621975,1.318992,0.9080873,6.30515,0.8244879,24.65737,11.06261,18.51261,8.577332
103,0.09645873,0.06266814,2.618453,1.319299,0.9087276,6.187489,0.8287537,24.13075,17.17693,15.67385,12.38977
104,0.09652629,0.06281608,2.613384,1.318628,0.9162117,6.290362,0.8270977,25.12229,21.44296,5.720824,13.9865
105,0.09658789,0.06295044,2.607915,1.317734,0.9297942,6.596982,0.8234629,26.67211,14.70298,6.720073,10.32311
106,0.09664153,0.06308281,2.602505,1.317148,0.9362518,6.74157,0.820612,27.151,9.965797,7.807584,8.220082
107,0.09669523,0.0632207,2.597445,1.317176,0.9352019,6.680272,0.819607,26.57599,9.789493,8.389965,7.640828
108,0.09676654,0.06338041,2.594206,1.318506,0.9333725,6.529946,0.8238002,25.41342,9.700146,14.19606,7.541157
109,0.0968509,0.06356202,2.591271,1.319785,0.9323941,6.348687,0.8329445,24.21572,13.0781,19.6787,9.905
110,0.09693311,0.06372198,2.586398,1.319821,0.9352384,6.28685,0.8364167,24.2815,19.08981,12.47977,13.58518
111,0.09700906,0.06385374,2.579686,1.318977,0.9452657,6.469431,0.8334879,25.74166,19.21356,4.806441,12.98767
112,0.09707779,0.06397902,2.572996,1.31817,0.9570749,6.729044,0.8304529,27.03056,12.23358,6.691841,9.110556
113,0.09714157,0.06410948,2.566851,1.317908,0.9608199,6.779706,0.8298467,26.99581,8.723802,8.943708,7.4429
114,0.0972127,0.06425457,2.56176,1.318516,0.9586159,6.641889,0.8328887,26.00245,9.712001,10.96554,7.635021
115,0.09730077,0.0644233,2.558422,1.320026,0.9568948,6.461749,0.8410819,24.75525,11.14949,17.23554,8.564042
116,0.09739583,0.06459685,2.555303,1.321366,0.9573848,6.319464,0.8498592,24.06579,15.82952,16.21334,11.70862
117,0.0974844,0.06474378,2.550181,1.321405,0.9630878,6.36601,0.8519615,24.75954,19.4328,9.830274,13.32564
118,0.09756384,0.06486529,2.543504,1.320839,0.9734206,6.59834,0.8484573,26.26437,15.2264,5.314891,11.21867
119,0.09763715,0.06498504,2.537194,1.320697,0.9803886,6.745058,0.8457953,26.98933,10.05816,7.169049,8.086677
120,0.09770954,0.06511598,2.531909,1.321229,0.9805601,6.691993,0.8466939,26.42671,8.463418,9.705584,7.083196
121,0.09779664,0.06526852,2.526964,1.322296,0.9778429,6.506585,0.8525283,25.12701,10.33739,12.83805,7.847489
122,0.09789607,0.06544315,2.52307,1.323564,0.9767711,6.335597,0.8627079,23.90726,12.33651,20.75493,9.423823
123,0.09799382,0.06560145,2.517653,1.323707,0.9781348,6.245831,0.868286,23.78041,17.18553,12.99842,13.19851
124,0.09808163,0.06571674,2.509816,1.322612,0.9849817,6.359217,0.8658532,25.01928,18.49706,6.638383,12.72517
125,0.09816055,0.06581247,2.501089,1.321364,0.9945362,6.579809,0.8600064,26.30623,14.31862,5.065514,9.979239
126,0.09823444,0.06590968,2.493152,1.320707,1.00032,6.692276,0.8561256,26.55286,9.450583,8.412484,7.525021
127,0.09831044,0.06601596,2.486323,1.320741,0.9992771,6.605437,0.8555007,25.73515,8.969519,11.58996,7.397041
128,0.0983981,0.06614695,2.480887,1.321443,0.9962903,6.429381,0.8588929,24.59339,12.01948,15.02934,8.878557
129,0.09849317,0.06628742,2.475857,1.322042,0.9963552,6.322922,0.8637576,24.012,15.49014,15.84481,11.17185
130,0.09858355,0.06640348,2.469497,1.321746,1.000674,6.364082,0.8649882,24.50923,19.5761,10.5605,13.18694
131,0.09866273,0.06648991,2.461205,1.320649,1.010051,6.594813,0.859588,25.9437,17.31591,6.494862,11.94767
132,0.09873331,0.0665651,2.452563,1.319786,1.017938,6.802614,0.8525009,27.01909,11.76587,4.923519,9.142215
133,0.09880219,0.0666497,2.443939,1.319215,1.01963,6.81623,0.8493536,26.82276,8.224995,8.35522,6.815722
134,0.09888081,0.06675451,2.436874,1.319518,1.016265,6.642993,0.8522893,25.5237,8.115803,12.72596,6.855597
135,0.09897556,0.06688412,2.431598,1.320423,1.012033,6.398682,0.8615331,23.96646,11.61729,19.15172,8.844363
136,0.09907115,0.06700838,2.4256,1.320367,1.010663,6.262595,0.8689561,23.444,16.13473,19.16004,12.31571
137,0.09915937,0.06710387,2.417334,1.319013,1.014833,6.319226,0.8688356,24.54298,21.4345,7.765316,14.8086
138,0.09923572,0.06717827,2.407541,1.317167,1.026402,6.616933,0.8637941,26.53861,16.61948,5.495147,11.49167
139,0.0993032,0.06725152,2.39798,1.315963,1.034138,6.82009,0.8593689,27.5402,10.96574,4.921354,8.521008
140,0.09937015,0.06733883,2.390119,1.315797,1.034598,6.804453,0.8594697,27.06484,7.713696,8.612813,6.49768
141,0.09944964,0.06745016,2.384508,1.316798,1.029924,6.602325,0.8661185,25.50468,8.144667,14.54595,6.826621
142,0.09954404,0.06759685,2.380495,1.318289,1.024794,6.35051,0.8785864,23.89051,12.33637,20.06672,9.496435
143,0.09963795,0.06773262,2.375139,1.318538,1.023537,6.236349,0.886919,23.61174,17.78696,16.4646,13.16042
144,0.09972262,0.06782698,2.367404,1.317456,1.029181,6.354953,0.8866311,24.9687,21.18175,7.480056,14.31769
145,0.09979474,0.06789763,2.356916,1.315461,1.040764,6.660953,0.881202,26.89612,15.6179,4.813004,11.05351
146,0.09985912,0.06796908,2.346578,1.314096,1.047323,6.8332,0.8770225,27.6733,10.03234,5.205177,7.949884
147,0.0999264,0.06805919,2.338234,1.313913,1.046255,6.775765,0.8786216,26.90813,7.221157,9.460518,6.235854
148,0.1000093,0.06817704,2.332258,1.314876,1.040508,6.542771,0.8877172,25.15118,8.343936,15.16138,6.99286
149,0.1001042,0.06832402,2.327103,1.315813,1.034974,6.291985,0.9012552,23.5548,13.15903,19.7134,9.903158
150,0.1001968,0.06844037,2.319948,1.315404,1.03431,6.208068,0.9082602,23.44635,17.54657,16.97286,13.12298
151,0.1002784,0.06851992,2.310425,1.313781,1.039566,6.328931,0.9059494,24.88276,20.66791,7.501139,14.31126
152,0.1003474,0.06857874,2.299941,1.311886,1.050384,6.61844,0.8987474,26.80757,15.45597,4.165919,10.97086
153,0.1004096,0.06864284,2.290528,1.310898,1.056427,6.780769,0.8938804,27.4992,9.471515,5.860112,7.587581
154,0.1004747,0.06872836,2.283461,1.31109,1.053986,6.70223,0.8954939,26.58719,7.372642,10.62563,6.329267
155,0.1005513,0.06884371,2.278187,1.312043,1.047272,6.474575,0.9030791,24.90504,9.389671,16.85448,7.592155
156,0.1006394,0.06896105,2.273069,1.312885,1.042385,6.26359,0.913004,23.70075,14.54761,19.10529,10.91836
157,0.1007239,0.06905612,2.26467,1.311785,1.043348,6.239854,0.9173312,24.02914,19.63983,13.58181,13.87818
158,0.100797,0.06911937,2.253771,1.30939,1.051605,6.451096,0.9133008,25.72308,21.15293,4.622037,13.86238
159,0.1008576,0.06916671,2.242108,1.307116,1.063831,6.787712,0.9057161,27.46258,13.64259,3.883776,9.762659
160,0.1009122,0.06922022,2.231511,1.305886,1.067544,6.906095,0.9009647,27.65916,8.040552,6.4729,6.812513
161,0.1009728,0.06929284,2.223041,1.305852,1.06233,6.76473,0.9024543,26.36167,7.092265,11.58799,6.151067
162,0.1010512,0.06938749,2.216361,1.306723,1.055008,6.49728,0.9106319,24.53312,10.04091,18.35169,7.938142
163,0.1011392,0.06949898,2.209629,1.30717,1.05085,6.28956,0.92134,23.45416,15.49938,20.40636,11.6644
164,0.1012201,0.06957522,2.200656,1.305955,1.052977,6.29583,0.923834,24.16696,21.06159,10.04581,14.8215
165,0.1012879,0.06961735,2.189849,1.30388,1.06335,6.565489,0.9177291,26.14467,19.34571,4.005356,12.77808
166,0.1013441,0.0696487,2.178921,1.302145,1.073764,6.860023,0.909808,27.56293,11.85967,4.393836,8.804667
167,0.1013967,0.06968941,2.169324,1.301492,1.074662,6.907444,0.9057732,27.35984,7.564013,7.728359,6.48195
168,0.101459,0.06975177,2.161876,1.30204,1.068333,6.726683,0.9087698,25.89926,7.785649,13.70779,6.531084
169,0.1015396,0.06983614,2.154481,1.302659,1.061885,6.468334,0.9183512,24.26355,11.59733,20.23145,9.0225
170,0.1016239,0.06992611,2.145935,1.302238,1.059495,6.319468,0.9275487,23.76654,18.28568,16.73569,13.24616
171,0.1016999,0.06998097,2.135206,1.300279,1.065422,6.442101,0.9281497,25.06312,21.95969,5.906671,14.64361
172,0.1017637,0.07000963,2.123308,1.297826,1.078012,6.779379,0.9223245,27.00002,15.68539,3.726697,10.82688
173,0.1018177,0.07003396,2.111736,1.296048,1.084248,6.969675,0.9163813,27.69277,9.255729,5.247633,7.454888
174,0.1018715,0.07006989,2.101565,1.295367,1.080693,6.896984,0.9146326,26.82828,7.050619,9.498894,6.077793
175,0.1019434,0.07013089,2.093588,1.296147,1.073453,6.650625,0.9205657,25.08836,8.679793,17.03282,7.076759
176,0.1020292,0.07021043,2.08655,1.296956,1.067947,6.400662,0.9318985,23.70478,14.02402,22.51875,10.69724
177,0.1021115,0.07026795,2.077893,1.296354,1.068272,6.343277,0.936808,24.08936,22.68154,10.9697,15.51966
178,0.102183,0.07029112,2.067402,1.294674,1.080175,6.648149,0.9321168,26.26296,21.43277,3.691588,13.805
179,0.1022417,0.07030062,2.056583,1.293206,1.093361,7.020641,0.924354,28.12587,12.68484,3.275858,9.323034
180,0.1022926,0.07031509,2.046591,1.292622,1.095589,7.11876,0.9192016,28.25559,7.140678,5.207489,6.291927
181,0.1023516,0.07035431,2.037162,1.292796,1.088732,6.936717,0.9218463,26.74344,5.94487,10.12956,5.34759
182,0.1024352,0.07043936,2.029943,1.294278,1.080214,6.602569,0.9372927,24.38398,8.173188,20.67659,6.82394
183,0.1025249,0.07053861,2.022611,1.294813,1.073345,6.307151,0.9557229,22.80759,14.2188,27.53389,11.51824
184,0.1026057,0.07059745,2.012711,1.293324,1.072831,6.243295,0.9614478,23.66092,24.75471,8.531852,17.49295
185,0.102673,0.0706179,2.000981,1.290517,1.086928,6.61774,0.9556671,26.53093,20.5998,3.113721,13.47654
186,0.1027265,0.07063339,1.98945,1.288285,1.09921,6.98231,0.9488465,28.4138,11.39685,3.6014,8.703814
187,0.1027723,0.0706587,1.978939,1.287291,1.09902,7.038249,0.9454929,28.28329,6.683276,6.165895,6.041144
188,0.1028285,0.07071048,1.970297,1.287836,1.090558,6.829529,0.9500749,26.57512,6.405935,11.76015,5.633388
189,0.1029082,0.07080415,1.963835,1.289545,1.08145,6.506863,0.9665325,24.26774,9.701075,21.75644,7.754105
190,0.1029932,0.0708955,1.956766,1.29023,1.075635,6.269603,0.9815976,23.11492,17.17834,22.77268,12.90429
191,0.1030689,0.07094304,1.947304,1.289082,1.078712,6.323843,0.9831854,24.36911,26.27271,6.294524,17.15656
192,0.10313,0.07095551,1.936382,1.286928,1.095049,6.781126,0.9745166,27.20079,18.89132,2.592349,12.53546
193,0.1031775,0.07096379,1.924422,1.284783,1.105347,7.11262,0.9654987,28.72206,9.554363,3.743456,7.857676
194,0.1032197,0.07098418,1.913158,1.283637,1.102112,7.096835,0.9610627,28.16896,5.773482,6.851337,5.531586
195,0.1032806,0.07103761,1.903914,1.284367,1.092214,6.826063,0.9668241,26.12538,6.333667,13.59135,5.593111
196,0.1033679,0.07113574,1.896729,1.286235,1.083154,6.474251,0.985616,23.72113,10.48296,24.61319,8.388178
197,0.1034567,0.07121934,1.888263,1.286445,1.078451,6.254199,0.9996721,22.9195,19.01693,19.91589,14.2862
198,0.103533,0.07125197,1.877285,1.284637,1.084262,6.380732,0.998211,24.64319,25.02782,4.572757,16.51044
199,0.1035931,0.07125254,1.865212,1.281998,1.099595,6.825171,0.9876841,27.32486,16.00164,3.011127,11.13508
200,0.1036407,0.07125389,1.85375,1.280256,1.105961,7.064223,0.9783285,28.33573,8.336081,4.815321,7.154684
201,0.1036878,0.07127307,1.843606,1.279907,1.100566,6.981584,0.9751121,27.42092,6.052544,8.940576,5.61301
202,0.1037584,0.07132773,1.835509,1.281348,1.091356,6.695564,0.9826989,25.37869,7.812698,16.27942,6.54139
203,0.103848,0.07141533,1.828805,1.283118,1.084136,6.397386,1.00002,23.48526,13.40213,23.06898,10.15337
204,0.1039335,0.07147539,1.82053,1.283157,1.083225,6.302767,1.008928,23.46144,20.63574,13.59452,14.90133
205,0.1040048,0.07148875,1.808893,1.280927,1.091681,6.529089,1.004088,25.37789,21.7361,4.164916,14.30499
206,0.1040605,0.07148006,1.796286,1.278106,1.103456,6.896384,0.9933138,27.36158,13.56826,3.917796,9.746413
207,0.1041075,0.07147761,1.78437,1.276227,1.10614,7.03417,0.9852918,27.73403,7.939059,6.603128,6.813884
208,0.1041614,0.07149889,1.77393,1.275837,1.100234,6.902664,0.985031,26.57358,7.19575,11.72411,6.246234
209,0.1042358,0.0715523,1.765196,1.276793,1.092505,6.64256,0.9945601,24.80688,10.3559,18.13389,8.131787
210,0.1043207,0.07161623,1.756945,1.27748,1.088282,6.44789,1.007324,23.77108,16.35397,20.70115,11.91172
211,0.1043989,0.07164926,1.747274,1.276593,1.091482,6.490905,1.0111,24.56965,22.41127,8.084103,15.38055
212,0.1044635,0.07164827,1.736308,1.274832,1.103369,6.820817,1.005179,26.67443,18.56586,3.451449,12.28928
213,0.1045156,0.07163935,1.725415,1.273349,1.112384,7.111996,0.9975973,27.96533,10.60642,4.526922,8.215682
214,0.1045645,0.07164247,1.715493,1.272979,1.11094,7.122889,0.9942352,27.56326,7.029763,7.608462,6.199446
215,0.1046269,0.07167407,1.707097,1.27397,1.103508,6.911713,0.9996184,25.92633,7.474102,13.97465,6.332005
216,0.1047111,0.07173518,1.699962,1.275782,1.096743,6.627766,1.013785,24.10407,11.22361,21.47981,8.941142
217,0.1047971,0.07179002,1.691028,1.275773,1.094068,6.462477,1.025997,23.54311,18.55603,17.67695,13.57855
218,0.1048727,0.07180636,1.680077,1.274053,1.10053,6.599109,1.026467,24.97314,23.35832,5.469062,15.33849
219,0.1049346,0.07179634,1.668254,1.271868,1.114606,6.994452,1.019279,27.18175,16.06938,3.716553,11.04386
220,0.1049854,0.07178564,1.656851,1.270283,1.12126,7.220674,1.01247,28.05276,9.23465,5.122932,7.547195
221,0.1050354,0.07178968,1.646451,1.269801,1.117727,7.161292,1.010685,27.27806,6.986046,8.611332,6.078011
222,0.105106,0.07182509,1.637571,1.270924,1.11078,6.91484,1.018591,25.49181,8.098236,16.32333,6.698083
223,0.1051927,0.07188939,1.629658,1.272348,1.105164,6.644418,1.035137,23.8423,12.9788,22.47379,10.11598
224,0.1052767,0.07193221,1.620666,1.272275,1.105109,6.553177,1.044737,23.89645,21.32086,12.25191,14.92274
225,0.1053499,0.07193676,1.610273,1.270982,1.115911,6.815275,1.04237,25.80637,20.945,4.081222,13.80679
226,0.1054096,0.07192342,1.599599,1.269708,1.128292,7.168289,1.034731,27.58047,13.03196,3.908008,9.463759
227,0.10546,0.07191265,1.589527,1.269203,1.130851,7.278092,1.028562,27.77342,7.906538,6.186311,6.702428
228,0.1055175,0.07192219,1.58058,1.269867,1.125396,7.129266,1.029192,26.52168,6.906708,12.0077,6.022964
229,0.1055961,0.07196584,1.571708,1.27094,1.118517,6.84835,1.040483,24.68773,9.709632,20.8548,7.969304
230,0.1056823,0.07201976,1.562565,1.271251,1.114438,6.630995,1.054766,23.74933,17.71264,18.51257,12.92882
231,0.1057633,0.07204264,1.552126,1.270082,1.120115,6.723239,1.058926,24.85999,23.41616,7.534504,15.37838
232,0.105832,0.0720352,1.54088,1.26835,1.134192,7.104601,1.053667,27.0586,18.23593,2.898916,12.17076
233,0.1058869,0.07201844,1.529823,1.267044,1.143545,7.392786,1.046087,28.27399,9.954444,3.682161,7.893444
234,0.1059373,0.07201202,1.519579,1.266631,1.141636,7.373184,1.042448,27.6789,6.071414,6.92339,5.600864
235,0.1060078,0.07204084,1.510781,1.267892,1.134091,7.108979,1.050056,25.7104,6.26866,15.36004,5.630792
236,0.1060996,0.07210791,1.503032,1.269829,1.126575,6.769398,1.069227,23.57513,10.39974,27.19653,8.825095
237,0.1061944,0.07216048,1.494458,1.27037,1.123492,6.564177,1.083085,23.19587,20.5143,15.6605,15.4914
238,0.1062796,0.07217013,1.484462,1.269287,1.13287,6.760941,1.082835,25.22522,23.6363,4.596139,15.42183
239,0.1063498,0.07215525,1.474115,1.268006,1.148134,7.182757,1.07482,27.57523,15.17943,2.651918,10.62731
240,0.1064063,0.07213781,1.464237,1.267414,1.154107,7.385593,1.066646,28.26814,7.813067,4.261158,6.757404
241,0.1064635,0.07213876,1.454814,1.267622,1.149048,7.269243,1.064925,27.09675,5.402941,8.694921,5.155077
242,0.1065478,0.07218462,1.446688,1.269365,1.140549,6.948755,1.077329,24.7921,6.938726,18.21907,6.092692
243,0.1066493,0.07225732,1.439028,1.270985,1.13368,6.619982,1.09758,22.87054,13.01127,27.94213,10.37629
244,0.1067473,0.07229806,1.430051,1.270833,1.133539,6.518219,1.106835,23.21009,23.01002,11.47768,16.80839
245,0.1068309,0.07229299,1.419778,1.269162,1.146239,6.836905,1.100906,25.75701,21.16513,3.034982,14.17374
246,0.1068977,0.0722706,1.409512,1.267713,1.159179,7.213183,1.089614,27.75651,11.93275,2.795624,8.984155
247,0.1069535,0.0722542,1.399922,1.267182,1.160263,7.294406,1.080881,27.7633,6.22464,5.354233,5.779539
248,0.1070231,0.07226865,1.391491,1.26823,1.152809,7.080102,1.082382,26.0446,5.14536,12.42464,4.994061
249,0.1071205,0.07233478,1.384361,1.270681,1.144026,6.72317,1.100069,23.63379,8.218789,24.77288,7.292626
250,0.1072258,0.07240658,1.377004,1.272052,1.138523,6.444366,1.118712,22.47727,17.26266,23.44662,13.5051
251,0.1073222,0.07243504,1.368291,1.271564,1.143885,6.518627,1.122322,23.93913,25.16097,6.835753,17.19598
252,0.1074029,0.07242695,1.358875,1.270254,1.161204,6.9702,1.113631,26.78911,18.68886,2.373831,12.54291
253,0.1074685,0.07241361,1.349458,1.269412,1.172248,7.303714,1.103583,28.26796,9.370546,3.136176,7.689803
254,0.1075312,0.07241583,1.340728,1.269739,1.169886,7.280302,1.099255,27.60003,5.007737,6.609986,5.084449
255,0.1076159,0.07246039,1.33313,1.271792,1.160984,6.982074,1.10883,25.35415,5.221823,14.44813,5.055676
256,0.1077249,0.07255118,1.32637,1.274513,1.152605,6.600452,1.133058,22.81817,9.538636,25.73322,8.131089
257,0.1078347,0.07262879,1.318853,1.275578,1.148811,6.366042,1.151877,21.98469,17.46101,23.94818,13.9969
258,0.1079303,0.07265206,1.309947,1.274609,1.154619,6.466736,1.151608,23.79017,23.07611,6.896821,16.87786
259,0.1080089,0.07264105,1.300609,1.272959,1.169026,6.858227,1.139912,26.61451,17.52527,2.716846,12.0404
260,0.108074,0.0726312,1.291899,1.272232,1.177418,7.135638,1.129103,27.92434,9.070348,4.293553,7.453985
261,0.1081394,0.0726407,1.284066,1.272978,1.1742,7.087451,1.125299,27.17054,5.703791,8.286719,5.482243
262,0.1082233,0.07268719,1.277243,1.275242,1.165962,6.814722,1.134107,25.12196,6.818452,15.35922,6.044798
263,0.1083272,0.07276746,1.271137,1.277991,1.159162,6.508178,1.154268,23.06974,11.5786,22.65919,9.239266
264,0.1084298,0.07283149,1.264438,1.279216,1.157613,6.374608,1.168637,22.63169,17.988,20.82726,13.74261
265,0.1085185,0.07284572,1.256068,1.278285,1.164261,6.52763,1.166078,24.34924,22.10008,5.769124,15.83983
266,0.108592,0.07283121,1.247183,1.276839,1.177282,6.900609,1.153921,26.76026,16.03519,3.271838,11.10372
267,0.1086557,0.07282077,1.23885,1.27639,1.183529,7.121033,1.143638,27.647,8.693697,5.010206,7.217598
268,0.1087225,0.07283112,1.231293,1.277257,1.179787,7.042935,1.141153,26.69599,6.314437,8.972947,5.737368
269,0.1088053,0.07287227,1.224584,1.279321,1.172192,6.786522,1.149835,24.71831,7.609447,15.78719,6.50777
270,0.108905,0.07293645,1.218461,1.281632,1.166388,6.516953,1.166629,22.93405,12.75224,20.65599,9.810374
271,0.1090009,0.07298175,1.21177,1.282361,1.166477,6.440421,1.177023,22.74901,17.38654,20.07248,13.26025
272,0.1090825,0.07298198,1.203889,1.281463,1.172471,6.590259,1.171871,24.38927,20.42809,6.475046,15.06142
273,0.1091501,0.07295743,1.195689,1.280249,1.182901,6.904214,1.158394,26.54779,15.20443,4.337206,10.82826
274,0.1092099,0.07293818,1.188069,1.280069,1.187457,7.074944,1.147272,27.2935,9.493609,5.948345,7.576334
275,0.109273,0.07293943,1.181188,1.281051,1.184275,7.002753,1.144077,26.45324,7.274469,10.84975,6.354116
276,0.1093489,0.07296474,1.175023,1.28286,1.177595,6.77801,1.149925,24.84232,9.426909,15.89063,7.702964
277,0.1094369,0.07300748,1.168951,1.284468,1.173424,6.585334,1.1623,23.64536,15.17032,17.43952,10.85915
278,0.1095219,0.07303641,1.162296,1.284768,1.176495,6.617039,1.17009,23.90089,18.97739,14.62594,13.29249
279,0.1095951,0.07303257,1.154743,1.283959,1.184856,6.848967,1.166606,25.4504,18.64493,5.785427,13.35537
280,0.1096559,0.07301034,1.146951,1.283092,1.193292,7.119549,1.156953,26.97127,13.38595,3.987301,9.746529
281,0.1097134,0.07299578,1.139653,1.283269,1.195294,7.207006,1.150396,27.08707,8.223595,6.595848,6.80911
282,0.1097801,0.07300937,1.133131,1.284643,1.19022,7.055628,1.154157,25.72418,6.868366,13.41655,6.132133
283,0.10986,0.07304524,1.127201,1.286636,1.182521,6.786504,1.165877,23.94621,10.10607,19.69978,8.425512
284,0.1099472,0.07307735,1.121196,1.288042,1.178632,6.606332,1.176364,23.21239,17.5056,16.82695,12.64396
285,0.1100297,0.07308468,1.11464,1.288231,1.184866,6.724158,1.178138,24.25622,20.80865,11.07878,14.18349
286,0.1100994,0.0730658,1.10761,1.287737,1.19626,7.039452,1.170793,26.18429,18.47554,4.88277,12.71885
287,0.1101562,0.07303656,1.100665,1.287548,1.204746,7.325163,1.160011,27.56659,12.1165,4.202581,9.069407
288,0.110212,0.07301905,1.094288,1.288515,1.204734,7.370603,1.153897,27.39263,7.475856,7.798589,6.480525
289,0.1102806,0.07303183,1.088309,1.29053,1.198159,7.175054,1.159331,25.85481,7.193998,14.98224,6.403732
290,0.1103681,0.07306617,1.082756,1.293079,1.191143,6.895501,1.172898,24.17765,12.10454,17.5169,9.436522
291,0.110464,0.07309968,1.07713,1.294934,1.190833,6.77745,1.186229,23.68357,18.13157,16.77909,12.58153
292,0.1105517,0.07310556,1.070889,1.295406,1.199043,6.931863,1.189554,24.79481,19.85106,9.553391,13.96965
293,0.1106247,0.07308326,1.064179,1.295132,1.209551,7.222269,1.182938,26.57064,16.63567,4.506608,11.77701
294,0.1106866,0.07305548,1.057626,1.295253,1.215404,7.431375,1.174496,27.52826,10.44104,5.360133,8.19591
295,0.1107549,0.07304686,1.05169,1.296699,1.21348,7.384085,1.1728,26.94137,7.275739,9.919974,6.398882
296,0.1108385,0.07307002,1.046425,1.299377,1.207264,7.148231,1.182416,25.35174,8.80528,16.17887,7.314627
297,0.1109373,0.07310865,1.041521,1.302268,1.203233,6.91771,1.197134,24.06527,14.23707,14.93906,10.59622
298,0.1110374,0.07313818,1.036386,1.304185,1.206398,6.894783,1.208015,24.01899,17.12458,13.6448,12.07417
299,0.1111253,0.07313648,1.030655,1.304854,1.213469,7.043149,1.207473,24.98017,16.94743,9.551932,12.25197
300,0.1111992,0.07311092,1.024582,1.305004,1.21973,7.231563,1.198553,26.14608,14.04593,6.081141,10.53993
301,0.1112698,0.07308728,1.018386,1.305387,1.222145,7.317134,1.19037,26.55661,10.35453,8.20436,8.107927
302,0.1113492,0.07308715,1.012656,1.306738,1.220181,7.231509,1.190193,25.91563,9.232066,13.57878,7.572701
303,0.1114375,0.07310522,1.007319,1.3085,1.216985,7.06497,1.196136,24.98887,12.32473,15.75301,9.553418
304,0.1115307,0.07312452,1.002062,1.31013,1.218057,6.995221,1.202455,24.76033,16.7298,12.28405,11.89227
305,0.1116223,0.07313274,0.9966812,1.31127,1.224765,7.108508,1.204966,25.4261,16.96122,9.412613,11.85541
306,0.1117051,0.07312899,0.9911447,1.312032,1.231378,7.277103,1.203297,26.24521,14.62484,8.091558,10.53441
307,0.1117822,0.07312092,0.9855261,1.312926,1.23461,7.370273,1.199873,26.60454,11.89357,6.891138,9.064267
308,0.1118619,0.07312689,0.9800867,1.314453,1.234266,7.337852,1.201038,26.18927,9.522261,9.568102,7.625006
309,0.1119492,0.07315351,0.9750257,1.316568,1.231184,7.187887,1.209059,25.1143,9.783465,14.63735,7.864347
310,0.1120441,0.0731836,0.9701282,1.318689,1.22909,7.025198,1.217753,24.22412,12.35886,16.1019,9.885164
311,0.1121403,0.0732035,0.9651533,1.320243,1.23037,6.963109,1.222769,24.18208,17.00237,12.29827,12.11005
312,0.1122316,0.07320754,0.9600067,1.32118,1.236764,7.093045,1.22246,25.03443,17.15445,8.755136,11.92677
313,0.1123167,0.07320094,0.9544381,1.321647,1.243592,7.271331,1.218564,25.94081,13.53189,8.174024,10.09877
314,0.1123961,0.07319532,0.9487882,1.32224,1.2456,7.329113,1.215292,26.15913,11.03795,8.251845,8.70083
315,0.1124775,0.0731995,0.9433418,1.323339,1.243723,7.260583,1.215728,25.6529,9.901613,9.686249,7.911483
316,0.1125697,0.07322415,0.9383549,1.325143,1.240929,7.112307,1.223107,24.64183,9.832994,14.68006,7.956421
317,0.1126672,0.07325637,0.9335327,1.326795,1.238492,6.952942,1.232752,23.77432,12.29656,17.5586,9.870724
318,0.1127634,0.07327463,0.9284717,1.327674,1.238755,6.892498,1.237145,23.83009,16.81346,12.03913,12.40857
319,0.1128555,0.07327663,0.9232091,1.328016,1.244249,7.014722,1.235496,24.79074,16.56354,8.611732,11.73872
320,0.1129403,0.07327542,0.917976,1.328349,1.249565,7.169761,1.232217,25.62135,12.95905,8.169425,9.798516
321,0.1130184,0.07327758,0.9128423,1.328923,1.24981,7.20691,1.229972,25.69705,10.8865,8.046529,8.526314
322,0.1130979,0.07328878,0.9079417,1.329916,1.246705,7.13222,1.230904,25.06314,9.518404,11.31363,7.680888
323,0.1131864,0.07331495,0.903416,1.331521,1.242026,6.970228,1.236955,24.0137,9.815456,16.6313,8.30032
324,0.113278,0.07334321,0.8989609,1.332832,1.237695,6.804701,1.243555,23.31874,13.61704,17.38031,10.80689
325,0.1133683,0.07335623,0.8939321,1.33299,1.238071,6.780772,1.244369,23.71139,18.14501,10.25777,12.9802
326,0.1134528,0.07335742,0.8886356,1.332566,1.244287,6.957512,1.240244,24.88644,16.1706,9.011372,11.3739
327,0.1135277,0.0733555,0.8833975,1.33217,1.248233,7.121933,1.234458,25.72075,12.81051,7.550671,9.778361
328,0.1135968,0.07335483,0.8783008,1.332154,1.247219,7.162848,1.229208,25.80704,10.76607,7.303306,8.338795
329,0.11367,0.07336871,0.8735235,1.332838,1.24323,7.084606,1.229835,25.06499,8.953991,12.54455,7.291674
330,0.1137539,0.07340009,0.8691087,1.33417,1.237015,6.898445,1.237261,23.87156,10.10115,16.86927,8.573128
331,0.1138407,0.07342988,0.8646579,1.334955,1.232219,6.735303,1.244291,23.22256,14.93032,16.35198,11.28864
332,0.1139256,0.07344229,0.8599309,1.33499,1.233886,6.756674,1.244966,23.75196,18.85048,10.0316,13.07087
333,0.1140022,0.07344033,0.8550517,1.33453,1.240688,6.969768,1.240375,25.01097,15.67656,9.020182,11.27592
334,0.114068,0.07342988,0.8502348,1.334124,1.243452,7.128116,1.232793,25.85396,12.58487,7.00203,9.712424
335,0.1141304,0.07342199,0.8455712,1.334248,1.241552,7.15345,1.226793,25.86728,10.24353,7.365764,8.031439
336,0.1142004,0.07343481,0.8412572,1.335213,1.23655,7.04196,1.229079,24.94151,8.418907,12.98585,7.054572
337,0.1142818,0.0734681,0.8370185,1.336297,1.229192,6.82445,1.239146,23.59814,10.61773,18.02448,8.724723
338,0.1143648,0.07349309,0.8325648,1.336493,1.224755,6.674251,1.246096,23.0759,15.36851,17.11531,11.72245
339,0.1144442,0.07349735,0.8277777,1.33578,1.22705,6.722136,1.245214,23.89143,19.22059,10.05777,13.49936
340,0.1145141,0.07348832,0.8228935,1.334721,1.234391,6.963468,1.23919,25.41908,16.24764,7.657924,11.56243
341,0.1145733,0.07347601,0.8181834,1.333958,1.237884,7.151255,1.231755,26.36999,12.33474,5.924271,9.397074
342,0.1146302,0.07347261,0.8136946,1.333902,1.235808,7.174377,1.22794,26.21637,9.25513,7.240508,7.415047
343,0.114696,0.07349079,0.8095365,1.334767,1.229286,7.026674,1.232679,24.98662,7.851261,14.23192,6.679959
344,0.1147735,0.07352657,0.8056645,1.335978,1.220551,6.7807,1.244338,23.46732,10.5515,18.35507,8.891184
345,0.114853,0.07355294,0.8016422,1.336311,1.215433,6.622492,1.252761,22.92738,16.02815,16.83215,12.01832
346,0.1149266,0.07355405,0.79725,1.33561,1.218282,6.694767,1.251862,23.84554,19.33985,9.891179,13.543
347,0.1149884,0.07353691,0.7927274,1.334449,1.225718,6.951764,1.244036,25.4476,16.31721,7.054439,11.59403
348,0.1150382,0.07351442,0.7883658,1.333587,1.229068,7.150306,1.234276,26.4175,12.01803,6.032401,9.182989
349,0.1150864,0.07350029,0.7839829,1.333176,1.226324,7.167603,1.228132,26.23074,9.125688,7.598865,7.351148
350,0.1151447,0.07350867,0.7798448,1.333642,1.219267,7.015496,1.231396,25.01258,7.998093,15.48772,6.794125
351,0.1152143,0.07353347,0.775912,1.334315,1.21044,6.778529,1.241777,23.63636,11.75002,18.61845,9.58285
352,0.1152875,0.07354775,0.7718487,1.334297,1.207083,6.666224,1.248786,23.43003,18.19965,13.88959,12.92243
353,0.1153536,0.07353996,0.7675384,1.333414,1.212892,6.826875,1.247669,24.63211,19.57347,8.569615,13.20966
354,0.1154062,0.07351447,0.7631577,1.332134,1.220683,7.111649,1.239891,26.15011,15.06245,6.639851,10.92109
355,0.115447,0.07348259,0.7588915,1.331175,1.222258,7.26752,1.230024,26.83629,11.12146,5.162117,8.659809
356,0.1154906,0.07346326,0.7548868,1.331196,1.218198,7.232634,1.225622,26.31457,8.297583,8.990975,6.719413
357,0.1155501,0.07347352,0.751259,1.33228,1.210401,7.029076,1.233072,24.81032,7.966457,17.04399,6.939041
358,0.1156211,0.07350193,0.7477984,1.333364,1.202196,6.777844,1.247546,23.45099,13.44614,18.95438,10.45561
359,0.1156925,0.07351382,0.7440633,1.333457,1.201979,6.727948,1.255836,23.61788,19.73511,12.82207,13.68906
360,0.1157557,0.07350226,0.7400993,1.332762,1.210782,6.961503,1.255201,25.16619,18.33693,8.130894,12.89657
361,0.1158051,0.07347835,0.7359285,1.331528,1.218053,7.222669,1.249196,26.61326,13.60311,6.662714,10.28881
362,0.1158462,0.07345563,0.7318511,1.330733,1.218328,7.314631,1.242828,26.99347,10.42353,5.072383,8.218141
363,0.1158966,0.07345856,0.7280776,1.33114,1.213945,7.224329,1.245462,26.09945,7.489578,10.91713,6.296644
364,0.1159628,0.07349639,0.7246215,1.332301,1.205837,6.974822,1.260701,24.33455,8.171769,19.55081,7.315145
365,0.1160366,0.07353586,0.7211365,1.332986,1.198379,6.723898,1.2759,23.19142,14.77008,18.61041,11.52741
366,0.116109,0.07355171,0.7174522,1.332677,1.200321,6.724567,1.281769,23.77825,19.97271,11.23846,13.95885
367,0.1161717,0.07354884,0.713731,1.331762,1.2102,6.983721,1.279808,25.44205,17.91348,7.948944,12.43475
368,0.11622,0.07353655,0.7099766,1.330789,1.217469,7.242291,1.273192,26.77046,12.90858,7.712333,9.926107
369,0.1162611,0.07352614,0.7062778,1.330389,1.217147,7.313564,1.266308,27.02079,10.07191,7.001287,8.282593
370,0.1163124,0.07353751,0.7028188,1.331069,1.21258,7.207131,1.267177,26.17745,8.795197,11.76436,7.149106
371,0.1163821,0.07357748,0.6996399,1.332533,1.206901,6.997948,1.279156,24.75947,10.8769,17.09225,8.539808
372,0.1164583,0.07361853,0.6964305,1.333501,1.204134,6.852704,1.292113,24.00468,15.84189,16.26838,11.62324
373,0.1165292,0.07363258,0.6927494,1.333045,1.208588,6.921758,1.295224,24.67007,19.08083,9.180284,13.2617
374,0.1165894,0.07362588,0.6889492,1.331947,1.217765,7.169732,1.290403,26.05419,15.97831,7.253187,11.25374
375,0.1166384,0.07361469,0.6852417,1.330992,1.222716,7.351881,1.283515,26.82998,11.56176,7.926178,9.033313
376,0.1166871,0.07361102,0.6816633,1.330738,1.22108,7.343417,1.27907,26.58085,10.13209,8.871427,8.070289
377,0.1167478,0.07362634,0.6782634,1.331284,1.21701,7.210351,1.282127,25.60999,10.26008,12.88975,7.966341
378,0.116821,0.07365652,0.6750003,1.332102,1.213564,7.048494,1.291986,24.53643,12.91437,16.23987,9.645926
379,0.1168945,0.07367507,0.671618,1.332217,1.214071,6.995667,1.298603,24.31502,16.83022,13.46729,12.06342
380,0.1169611,0.07366854,0.6680809,1.331564,1.220676,7.130659,1.296389,25.20729,18.72089,7.436538,12.65753
381,0.1170182,0.07364859,0.6646081,1.330785,1.229805,7.382511,1.289309,26.38737,14.30861,7.578095,10.24276
382,0.117068,0.07363071,0.6612883,1.330403,1.232774,7.498983,1.282669,26.74228,10.9125,8.277129,8.656128
383,0.1171202,0.07362359,0.6580353,1.330575,1.23011,7.43928,1.280052,26.20818,10.5661,9.239685,8.140255
384,0.1171847,0.07363186,0.6548779,1.331294,1.226595,7.297481,1.28419,25.19287,10.70123,14.64046,8.195956
385,0.117258,0.07364807,0.6515615,1.331605,1.223848,7.145486,1.292898,24.31492,13.38474,16.53887,10.30764
386,0.1173275,0.07364586,0.6480181,1.330854,1.224982,7.112448,1.295687,24.45097,17.95234,11.69685,12.63326
387,0.1173891,0.07362171,0.6443972,1.329464,1.232728,7.287707,1.290358,25.5891,18.58966,6.556441,12.3758
388,0.1174418,0.07359102,0.6409304,1.328169,1.241399,7.53863,1.282183,26.69793,13.16769,7.897665,9.690047
389,0.1174883,0.07356338,0.6375681,1.327291,1.242477,7.609395,1.274819,26.85162,10.70304,8.197168,8.511999
390,0.1175414,0.07354713,0.6342542,1.32704,1.239302,7.520639,1.271927,26.21,10.99356,8.508074,8.179979
391,0.1176092,0.07355284,0.631066,1.327422,1.236437,7.377725,1.278318,25.11904,10.73246,14.95485,8.043929
392,0.1176822,0.0735647,0.6278955,1.32749,1.23366,7.225232,1.288347,24.21184,13.06385,19.16383,10.27843
393,0.1177498,0.0735518,0.6245162,1.326582,1.233984,7.17964,1.28952,24.49915,18.87462,10.27841,13.57207
394,0.11781,0.07351804,0.6211298,1.325251,1.242268,7.378091,1.282635,25.90961,18.30463,6.541392,12.19733
395,0.1178629,0.07348386,0.6179996,1.324288,1.250499,7.616313,1.275023,27.00212,12.88693,8.165272,9.555153
396,0.1179102,0.07345387,0.6149838,1.323688,1.251063,7.667914,1.268658,27.10064,10.73873,8.886827,8.546282
397,0.1179639,0.07343408,0.6117826,1.323191,1.247738,7.574164,1.266413,26.50153,11.47643,9.066486,8.492529
398,0.1180332,0.07343919,0.6086411,1.323231,1.245494,7.448612,1.274525,25.5617,11.50386,14.08585,8.502624
399,0.1181068,0.07345511,0.6055147,1.323008,1.243842,7.332761,1.287378,24.81317,14.09684,17.37519,10.50467
400,0.118175,0.07344801,0.6022213,1.321964,1.245581,7.333734,1.291314,25.16613,18.1183,9.019331,13.01819
401,0.1182359,0.07342224,0.5989744,1.32056,1.252906,7.514182,1.287387,26.34017,16.3341,6.726708,11.23022
402,0.1182911,0.07339661,0.5960012,1.31957,1.258494,7.674949,1.28256,27.00896,12.0308,8.839219,9.045092
403,0.118343,0.07337506,0.5931048,1.318928,1.257795,7.672331,1.278942,26.82863,10.72016,9.913231,8.520828
404,0.1184034,0.07336336,0.5901846,1.318771,1.254676,7.561415,1.27946,26.17747,11.93876,10.93609,8.868595
405,0.118475,0.07336725,0.5872936,1.318897,1.252993,7.454136,1.286988,25.48837,12.95966,14.96906,9.505573
406,0.1185494,0.07336789,0.5843789,1.318715,1.253299,7.397464,1.294078,25.28813,16.52357,13.16973,11.71839
407,0.118618,0.07334831,0.5813717,1.317898,1.258673,7.498877,1.293701,26.02898,18.5248,7.065405,12.50286
408,0.1186788,0.07331625,0.5784604,1.317031,1.267233,7.720129,1.288311,27.06363,14.72355,6.130196,10.26231
409,0.1187342,0.07328607,0.5755941,1.316217,1.271035,7.833381,1.283543,27.3137,10.54901,8.619242,8.251101
410,0.1187911,0.0732621,0.5727412,1.31572,1.26859,7.758142,1.281534,26.70033,10.14452,10.57266,8.039544
411,0.1188621,0.07325132,0.5698427,1.315687,1.265214,7.599024,1.28546,25.77303,12.64865,12.19628,9.055033
412,0.1189451,0.07325232,0.5668939,1.315634,1.265226,7.500441,1.295101,25.15513,14.08368,16.37341,10.20997
413,0.1190248,0.07324228,0.5638412,1.314828,1.267777,7.489739,1.300887,25.33427,17.26428,11.74713,12.50195
414,0.1190946,0.07320885,0.5607063,1.313328,1.27461,7.633991,1.297387,26.41565,17.67116,5.916254,12.14925
415,0.1191578,0.07316826,0.5577803,1.312144,1.282514,7.836133,1.290499,27.38079,12.87487,6.680896,9.350459
416,0.11922,0.07313968,0.5552278,1.311814,1.284212,7.873647,1.287756,27.28347,9.900761,10.38558,7.895117
417,0.1192886,0.07312149,0.5526912,1.311938,1.281102,7.745498,1.288953,26.49943,10.75352,12.2627,8.516919
418,0.1193706,0.07311586,0.5500456,1.312233,1.278659,7.589012,1.295596,25.73433,14.01956,13.39173,9.997062
419,0.1194578,0.07311457,0.5473031,1.312129,1.280587,7.544757,1.304621,25.57451,15.89532,14.45558,11.29154
420,0.1195391,0.07309689,0.5444966,1.311376,1.285935,7.618755,1.307454,26.22852,17.79085,8.936996,12.5248
421,0.1196105,0.07306164,0.5415444,1.309901,1.293982,7.806026,1.302911,27.34738,16.1895,5.463707,11.09834
422,0.1196771,0.07302743,0.5388008,1.308885,1.300145,7.96145,1.297919,27.91018,11.26864,7.364613,8.528849
423,0.119747,0.07300927,0.5363575,1.308746,1.299657,7.918572,1.298659,27.37911,9.61439,11.07835,7.719828
424,0.1198272,0.07300495,0.5339321,1.309011,1.296005,7.747179,1.304956,26.36459,11.70866,13.0777,8.86506
425,0.1199196,0.07301053,0.5313669,1.309192,1.294985,7.60832,1.315703,25.66848,15.08864,13.63802,10.60821
426,0.1200105,0.07301119,0.5286305,1.308613,1.298621,7.612617,1.324795,25.78174,16.72416,13.65233,11.78568
427,0.1200912,0.07299062,0.5258028,1.307364,1.305197,7.735816,1.324799,26.6896,17.48672,6.781832,12.41307
428,0.1201625,0.0729572,0.5230587,1.306126,1.312775,7.924918,1.318281,27.73567,13.95,5.732587,9.925473
429,0.1202324,0.07293192,0.5206145,1.305742,1.315755,7.993184,1.31364,27.83156,10.189,8.073905,7.916722
430,0.1203098,0.07292548,0.5184446,1.30619,1.313295,7.875905,1.315913,26.93208,9.792491,12.6113,7.715297
431,0.1203964,0.07293105,0.5161803,1.306678,1.309482,7.684538,1.323465,25.85277,12.28603,15.06434,9.38763
432,0.1204888,0.07293665,0.5136847,1.306604,1.308719,7.56426,1.331729,25.44255,16.31,13.60152,11.60399
433,0.1205748,0.0729273,0.5109465,1.305422,1.313538,7.626628,1.334164,26.06215,17.90789,11.39443,12.38223
434,0.1206492,0.07289867,0.5081952,1.303778,1.321056,7.809455,1.328243,27.25886,17.31809,5.719517,12.01067
435,0.1207146,0.07286336,0.5056047,1.302437,1.327897,8.005014,1.318604,28.20729,12.56471,6.421537,9.218475
436,0.1207792,0.07283933,0.5033004,1.302015,1.328281,8.021297,1.312585,28.04832,9.913388,8.958075,7.803016
437,0.120855,0.07283478,0.5012469,1.302546,1.324667,7.874385,1.314336,27.07018,10.5975,12.84292,8.11044
438,0.1209417,0.07284544,0.4991672,1.303145,1.321633,7.701566,1.323211,26.09079,13.5622,15.07299,9.935051
439,0.121031,0.07285427,0.4968528,1.303028,1.322605,7.636897,1.33245,25.9125,17.6553,13.37576,12.16419
440,0.1211123,0.07284269,0.4943374,1.302007,1.32912,7.765732,1.333665,26.84166,18.27442,7.670312,12.66268
441,0.1211828,0.07281448,0.4918593,1.300806,1.337211,7.98137,1.327394,28.04853,15.26869,5.296666,10.61861
442,0.121247,0.07278652,0.4895893,1.300166,1.341245,8.107778,1.32025,28.47928,10.64508,7.096025,8.178185
443,0.1213177,0.07277485,0.4876017,1.300612,1.339055,8.026498,1.31892,27.79153,9.218908,10.65306,7.429736
444,0.1214005,0.07278588,0.485781,1.301635,1.334395,7.825813,1.326955,26.55033,11.29859,14.22247,8.578571
445,0.1214938,0.07280482,0.4837949,1.302403,1.332385,7.66466,1.339204,25.71883,15.09908,15.47834,10.81869
446,0.121585,0.07281175,0.4815302,1.302184,1.335585,7.667903,1.347161,25.97074,17.95679,12.10232,12.63053
447,0.1216661,0.07279456,0.4791192,1.301164,1.3428,7.832099,1.344881,27.14761,18.31902,4.990508,12.48889
448,0.121737,0.07276574,0.4768399,1.300225,1.350699,8.058099,1.336801,28.24349,12.50323,5.430178,9.159659
449,0.1218066,0.07274554,0.4748274,1.300179,1.351476,8.081742,1.331265,28.0914,8.796522,8.454681,7.240561
450,0.1218839,0.07274561,0.4730151,1.300961,1.346367,7.904652,1.333574,26.9144,9.184057,12.85236,7.410721
451,0.1219772,0.07276298,0.4712659,1.302176,1.341373,7.671527,1.343578,25.61806,12.6671,15.44339,9.4492
452,0.1220754,0.07278474,0.469339,1.302665,1.340667,7.553226,1.3565,25.11816,16.54079,17.22226,11.75611
453,0.1221651,0.07277899,0.4671134,1.301891,1.345126,7.624593,1.358441,25.97462,19.30002,7.974317,13.72663
454,0.122242,0.07274898,0.4648356,1.30055,1.353652,7.86075,1.34979,27.53852,16.07995,5.04741,11.17152
455,0.1223094,0.07271631,0.4627888,1.299733,1.358536,8.028646,1.339118,28.29755,10.81081,6.865613,8.305874
456,0.1223787,0.07269799,0.4610185,1.299971,1.356208,7.978675,1.333696,27.80976,9.167547,10.21517,7.402559
457,0.1224607,0.07270236,0.4592946,1.300741,1.350969,7.793616,1.33766,26.6529,11.07264,13.70563,8.410067
458,0.122556,0.07272116,0.457498,1.301463,1.348024,7.628698,1.348335,25.74302,14.82973,15.14437,10.58599
459,0.1226505,0.07272978,0.4554474,1.301168,1.350026,7.61368,1.355636,25.83713,18.23492,12.59785,12.54989
460,0.1227341,0.07271286,0.4531906,1.29986,1.356788,7.778447,1.352866,26.95262,18.61694,6.036925,12.68236
461,0.1228053,0.07268047,0.4509777,1.298389,1.364637,8.017337,1.343325,28.18402,13.81621,5.621944,9.830978
462,0.1228711,0.07265309,0.4490141,1.297701,1.366478,8.10216,1.335326,28.39333,9.807438,8.159171,7.795487
463,0.1229431,0.07264324,0.4472803,1.298015,1.362329,7.986841,1.334599,27.56662,9.741154,11.61221,7.709576
464,0.1230298,0.0726525,0.4456362,1.298953,1.35748,7.795109,1.342247,26.44351,12.64447,14.13226,9.271152
465,0.1231265,0.072668,0.4438936,1.29959,1.356536,7.680419,1.35358,25.87619,16.34422,13.76426,11.37014
466,0.123217,0.0726655,0.4419007,1.299077,1.360826,7.739006,1.358467,26.34135,17.87242,10.53539,12.37444
467,0.1232946,0.07263909,0.4397762,1.29777,1.367339,7.916459,1.353572,27.45258,17.14547,5.437329,11.73293
468,0.1233627,0.07260426,0.4377676,1.296634,1.372918,8.107103,1.344743,28.33014,12.01776,6.895666,8.926351
469,0.1234311,0.07258014,0.4358885,1.296106,1.371971,8.106605,1.339808,28.12517,9.85836,9.545135,7.837232
470,0.1235094,0.07257417,0.4341286,1.296314,1.367343,7.95644,1.342213,27.19956,11.31386,11.81093,8.475276
471,0.123602,0.07258216,0.4323887,1.296802,1.364572,7.799972,1.351041,26.29951,14.02534,13.73521,9.925457
472,0.123695,0.0725898,0.430516,1.29652,1.365576,7.748392,1.361102,26.02817,16.40057,13.17397,11.52284
473,0.1237776,0.07257296,0.4284266,1.295125,1.369813,7.832047,1.361757,26.67657,17.30402,8.563087,12.14312
474,0.1238488,0.0725371,0.4262995,1.29331,1.375088,7.997741,1.354224,27.6945,15.78702,6.32072,10.7873
475,0.1239138,0.07250109,0.424334,1.291969,1.378291,8.127398,1.34574,28.23973,11.85675,8.142718,8.836557
476,0.1239807,0.07247767,0.4225676,1.291479,1.376218,8.091838,1.341761,27.9266,11.00504,10.17532,8.427961
477,0.1240548,0.07246855,0.420909,1.291518,1.372451,7.964919,1.343795,27.19669,12.68924,11.07772,9.182841
478,0.1241385,0.07246818,0.4192642,1.291697,1.371602,7.866656,1.35045,26.60097,14.29547,12.32166,10.05297
479,0.1242193,0.07246587,0.417517,1.291186,1.373088,7.849985,1.357708,26.45919,15.51088,13.38729,10.98515
480,0.1242914,0.07244433,0.4156019,1.289874,1.375671,7.914513,1.357047,27.01301,16.89943,7.866887,11.93954
481,0.1243569,0.07241232,0.4135784,1.288105,1.379625,8.051827,1.350825,27.87389,14.81543,6.950834,10.29823
482,0.1244194,0.07238679,0.4116753,1.286769,1.381177,8.122474,1.345848,28.14414,11.87647,8.612736,8.833039
483,0.1244834,0.07237159,0.4098946,1.285938,1.37878,8.05946,1.344392,27.72235,11.48568,10.49161,8.648497
484,0.1245523,0.07236525,0.4081813,1.285376,1.375692,7.942492,1.346819,27.06269,12.97446,11.59183,9.402306
485,0.124628,0.07236346,0.4064714,1.284875,1.375144,7.866543,1.352161,26.64021,14.40781,13.15506,10.29039
486,0.1247015,0.0723566,0.4046681,1.283842,1.376329,7.867392,1.356179,26.74949,16.50347,11.51725,11.5441
487,0.1247688,0.0723352,0.4027762,1.282341,1.379712,7.970391,1.353552,27.48925,17.35319,6.766329,11.7728
488,0.124831,0.0723093,0.4009358,1.280945,1.384433,8.125263,1.347949,28.26949,13.48674,7.183091,9.679283
489,0.1248893,0.07229055,0.3992346,1.280009,1.384574,8.150455,1.344468,28.27181,11.10904,8.73878,8.496931
490,0.1249499,0.07228073,0.3976495,1.279531,1.381338,8.052169,1.344436,27.64615,11.20729,10.57134,8.459647
491,0.1250223,0.07228401,0.3961705,1.279611,1.378384,7.915692,1.350033,26.84432,12.68387,13.18475,9.25999
492,0.1251016,0.07229528,0.3946688,1.279539,1.377323,7.827271,1.359593,26.40032,15.11859,14.59899,10.82118
